Date,Automotive fuel,Entertainment,Food and drink,"Pubs, restaurants and fast food",Retail,Travel and   accommodation
1/1/2020,125,114,102,119,120,106
1/2/2020,129,117,107,122,123,111
1/3/2020,132,116,107,122,121,113
1/4/2020,135,108,108,120,119,113
1/5/2020,135,99,107,113,118,112
1/6/2020,131,92,100,105,113,111
1/7/2020,126,90,90,95,111,109
1/8/2020,127,89,95,88,117,108
1/9/2020,120,83,93,83,112,103
1/10/2020,111,79,91,80,107,98
1/11/2020,101,78,91,80,105,94
1/12/2020,95,78,91,80,103,92
1/13/2020,93,77,91,79,103,90
1/14/2020,92,76,89,78,101,89
1/15/2020,91,76,89,78,100,89
1/16/2020,90,77,89,78,99,89
1/17/2020,91,78,90,79,98,89
1/18/2020,91,79,90,81,98,89
1/19/2020,91,80,90,82,98,89
1/20/2020,92,80,91,83,97,90
1/21/2020,93,81,92,84,97,91
1/22/2020,94,82,92,85,97,91
1/23/2020,94,82,91,86,98,90
1/24/2020,94,83,92,86,98,90
1/25/2020,93,84,92,87,98,91
1/26/2020,93,85,92,87,99,92
1/27/2020,93,86,92,87,99,90
1/28/2020,92,86,92,87,100,91
1/29/2020,91,86,92,86,100,90
1/30/2020,92,88,92,87,102,91
1/31/2020,93,90,92,88,106,93
2/1/2020,93,91,94,91,108,93
2/2/2020,94,93,95,92,108,94
2/3/2020,94,95,96,93,109,96
2/4/2020,94,97,96,93,109,96
2/5/2020,95,99,96,94,108,96
2/6/2020,95,98,97,94,106,96
2/7/2020,94,97,97,94,102,95
2/8/2020,94,97,97,94,100,95
2/9/2020,93,95,96,93,99,95
2/10/2020,94,93,96,94,98,95
2/11/2020,94,92,96,94,97,95
2/12/2020,94,90,96,94,96,94
2/13/2020,94,90,98,94,96,93
2/14/2020,95,88,99,94,95,94
2/15/2020,99,95,99,93,95,96
2/16/2020,101,108,101,95,97,97
2/17/2020,102,114,102,99,97,98
2/18/2020,103,119,103,102,98,100
2/19/2020,104,123,104,105,100,102
2/20/2020,104,126,103,109,100,105
2/21/2020,105,128,102,111,102,111
2/22/2020,106,121,102,112,102,118
2/23/2020,107,108,100,110,99,118
2/24/2020,106,101,99,107,98,116
2/25/2020,106,96,98,103,98,113
2/26/2020,106,91,98,100,97,110
2/27/2020,105,87,97,96,98,108
2/28/2020,105,86,97,95,98,100
2/29/2020,100,85,99,95,100,92
3/1/2020,99,86,100,96,103,89
3/2/2020,99,87,101,96,105,88
3/3/2020,99,87,102,96,106,88
3/4/2020,98,87,103,97,106,89
3/5/2020,99,87,104,97,106,89
3/6/2020,98,86,105,96,105,88
3/7/2020,98,85,105,97,103,86
3/8/2020,98,84,105,96,101,84
3/9/2020,98,82,106,96,100,82
3/10/2020,98,81,107,95,99,80
3/11/2020,98,79,108,94,98,78
3/12/2020,97,76,111,92,97,74
3/13/2020,97,71,117,89,95,72
3/14/2020,97,65,121,83,94,70
3/15/2020,97,56,123,76,92,67
3/16/2020,97,50,127,73,89,66
3/17/2020,97,44,131,68,86,63
3/18/2020,97,38,135,61,84,61
3/19/2020,96,32,137,55,82,59
3/20/2020,92,25,133,45,79,53
3/21/2020,88,19,128,33,75,46
3/22/2020,82,16,124,27,72,40
3/23/2020,77,13,118,23,70,35
3/24/2020,72,11,113,19,67,30
3/25/2020,67,10,107,16,65,26
3/26/2020,61,8,101,14,62,21
3/27/2020,57,7,99,11,61,18
3/28/2020,52,7,96,10,59,16
3/29/2020,48,6,94,9,59,14
3/30/2020,45,6,92,8,58,12
3/31/2020,43,7,93,8,60,10
4/1/2020,43,7,94,8,61,10
4/2/2020,42,7,94,8,62,9
4/3/2020,41,7,94,8,62,8
4/4/2020,41,7,96,8,62,8
4/5/2020,42,7,97,8,63,8
4/6/2020,42,7,98,8,64,8
4/7/2020,42,7,99,8,63,7
4/8/2020,42,7,101,8,62,7
4/9/2020,43,7,104,8,62,7
4/10/2020,43,7,105,8,60,7
4/11/2020,43,7,106,8,60,6
4/12/2020,43,7,102,8,58,6
4/13/2020,42,7,99,8,56,6
4/14/2020,41,6,99,8,57,6
4/15/2020,41,6,98,8,57,6
4/16/2020,41,6,94,8,56,6
4/17/2020,40,6,93,8,58,7
4/18/2020,40,6,92,8,58,7
4/19/2020,41,6,96,9,59,7
4/20/2020,42,6,98,8,61,7
4/21/2020,43,6,97,9,61,7
4/22/2020,43,6,97,9,61,7
4/23/2020,43,6,95,9,61,6
4/24/2020,45,6,98,9,62,6
4/25/2020,46,6,98,9,63,6
4/26/2020,46,6,99,9,64,7
4/27/2020,47,6,99,9,66,7
4/28/2020,47,7,99,9,67,7
4/29/2020,47,7,99,9,69,7
4/30/2020,48,7,101,10,74,7
5/1/2020,48,8,99,10,75,7
5/2/2020,48,8,98,10,76,8
5/3/2020,49,8,99,10,77,8
5/4/2020,50,8,100,10,78,8
5/5/2020,50,8,101,11,78,8
5/6/2020,52,8,102,11,78,8
5/7/2020,53,8,103,11,77,8
5/8/2020,54,7,105,11,75,8
5/9/2020,55,7,105,11,75,8
5/10/2020,54,7,104,12,75,8
5/11/2020,54,7,103,12,74,9
5/12/2020,55,7,103,12,74,9
5/13/2020,54,7,102,12,75,9
5/14/2020,54,8,100,12,75,9
5/15/2020,56,8,99,12,76,10
5/16/2020,57,8,100,13,77,10
5/17/2020,59,8,101,13,77,11
5/18/2020,60,9,100,13,79,11
5/19/2020,61,9,101,14,79,12
5/20/2020,63,9,102,14,80,12
5/21/2020,65,9,102,14,81,13
5/22/2020,66,10,103,15,82,13
5/23/2020,66,10,103,15,84,13
5/24/2020,67,10,103,16,84,14
5/25/2020,69,10,104,17,83,14
5/26/2020,70,10,104,17,84,14
5/27/2020,70,10,103,17,84,14
5/28/2020,71,11,104,17,86,15
5/29/2020,73,12,105,18,88,15
5/30/2020,76,13,106,18,88,15
5/31/2020,78,13,107,19,89,16
6/1/2020,78,13,108,19,93,16
6/2/2020,79,13,108,19,94,17
6/3/2020,80,14,108,20,95,18
6/4/2020,80,14,107,20,94,18
6/5/2020,80,12,106,21,93,18
6/6/2020,80,12,104,22,94,18
6/7/2020,79,12,103,22,93,19
6/8/2020,78,12,102,22,93,19
6/9/2020,77,13,101,22,92,19
6/10/2020,78,13,101,22,90,19
6/11/2020,77,13,100,23,90,19
6/12/2020,77,13,100,23,90,19
6/13/2020,77,13,100,24,89,20
6/14/2020,78,14,100,24,88,20
6/15/2020,80,14,100,25,88,21
6/16/2020,80,14,100,25,91,21
6/17/2020,81,15,100,26,92,21
6/18/2020,82,15,101,26,93,22
6/19/2020,84,15,100,27,94,23
6/20/2020,85,15,100,27,96,23
6/21/2020,85,16,100,28,96,23
6/22/2020,85,16,100,28,96,24
6/23/2020,87,16,101,28,95,24
6/24/2020,89,16,102,29,95,25
6/25/2020,91,16,102,30,94,26
6/26/2020,93,16,104,31,96,27
6/27/2020,93,17,103,31,97,28
6/28/2020,94,17,103,31,99,29
6/29/2020,95,17,103,32,99,31
6/30/2020,96,18,103,32,102,32
7/1/2020,96,19,103,33,105,34
7/2/2020,96,19,102,33,107,35
7/3/2020,96,19,101,34,107,37
7/4/2020,98,20,102,37,107,39
7/5/2020,100,21,102,40,107,40
7/6/2020,101,22,103,41,108,41
7/7/2020,102,23,103,43,108,42
7/8/2020,103,23,102,44,107,42
7/9/2020,105,23,102,47,107,43
7/10/2020,107,24,102,50,107,44
7/11/2020,110,25,103,51,108,44
7/12/2020,113,25,103,53,107,46
7/13/2020,114,25,103,54,107,47
7/14/2020,116,25,104,55,107,47
7/15/2020,117,26,104,56,109,48
7/16/2020,119,27,105,58,108,49
7/17/2020,121,28,105,59,108,50
7/18/2020,123,29,106,61,108,50
7/19/2020,124,29,106,62,109,51
7/20/2020,126,30,107,63,109,51
7/21/2020,127,30,107,64,109,52
7/22/2020,129,31,108,65,107,53
7/23/2020,130,31,108,67,108,54
7/24/2020,132,31,108,68,109,55
7/25/2020,133,32,108,70,109,56
7/26/2020,134,33,109,71,110,56
7/27/2020,135,34,109,72,111,57
7/28/2020,136,35,110,74,113,58
7/29/2020,138,37,111,75,116,58
7/30/2020,141,38,113,76,117,59
7/31/2020,144,39,115,77,120,59
8/1/2020,148,40,116,79,122,61
8/2/2020,151,40,117,80,124,62
8/3/2020,153,41,118,81,125,62
8/4/2020,154,41,119,82,125,63
8/5/2020,155,41,119,83,124,63
8/6/2020,155,42,119,83,125,63
8/7/2020,155,42,119,84,122,63
8/8/2020,155,42,120,85,121,63
8/9/2020,156,43,120,86,119,64
8/10/2020,156,43,120,87,118,65
8/11/2020,157,43,121,88,117,66
8/12/2020,158,44,121,89,117,67
8/13/2020,158,43,121,89,116,68
8/14/2020,159,44,121,89,115,69
8/15/2020,157,43,118,88,114,69
8/16/2020,155,43,118,88,114,69
8/17/2020,154,42,117,87,113,68
8/18/2020,153,41,116,87,112,68
8/19/2020,152,41,114,86,112,68
8/20/2020,151,41,114,85,112,68
8/21/2020,148,40,113,85,111,68
8/22/2020,147,40,114,85,113,68
8/23/2020,146,40,113,85,114,67
8/24/2020,145,40,112,84,114,67
8/25/2020,144,40,112,84,115,66
8/26/2020,144,40,112,84,117,67
8/27/2020,143,40,111,83,118,66
8/28/2020,142,41,111,83,122,65
8/29/2020,141,41,110,83,124,65
8/30/2020,140,41,110,84,124,65
8/31/2020,142,42,110,86,126,65
9/1/2020,142,41,111,84,127,64
9/2/2020,139,41,111,82,128,63
9/3/2020,136,41,110,81,128,62
9/4/2020,132,40,109,80,125,60
9/5/2020,130,40,109,80,124,59
9/6/2020,127,39,109,77,124,57
9/7/2020,122,38,108,74,121,55
9/8/2020,120,38,107,73,119,54
9/9/2020,118,37,107,72,116,53
9/10/2020,117,35,106,72,115,52
9/11/2020,116,35,106,72,114,52
9/12/2020,115,35,106,71,113,51
9/13/2020,114,35,106,71,113,50
9/14/2020,114,34,106,71,112,50
9/15/2020,113,35,106,71,112,50
9/16/2020,113,34,106,71,113,49
9/17/2020,112,35,105,70,113,49
9/18/2020,112,35,105,70,112,48
9/19/2020,111,34,105,69,112,48
9/20/2020,110,34,105,69,112,47
9/21/2020,109,34,105,68,113,47
9/22/2020,108,33,104,68,111,47
9/23/2020,107,33,104,67,111,46
9/24/2020,107,32,104,66,111,46
9/25/2020,106,32,104,65,113,46
9/26/2020,104,31,105,64,114,46
9/27/2020,103,31,105,63,116,46
9/28/2020,103,31,105,63,118,46
9/29/2020,102,31,105,62,120,45
9/30/2020,102,31,106,61,124,45
10/1/2020,102,31,107,61,127,45
10/2/2020,101,31,106,60,128,45
10/3/2020,100,30,107,60,129,43
10/4/2020,98,31,107,59,130,43
10/5/2020,97,31,106,59,129,43
10/6/2020,97,31,106,58,129,42
10/7/2020,96,31,106,58,125,41
10/8/2020,94,31,105,58,120,40
10/9/2020,94,31,105,58,118,39
10/10/2020,93,30,104,57,117,39
10/11/2020,94,30,104,58,116,39
10/12/2020,93,29,104,57,115,38
10/13/2020,92,28,103,57,116,38
10/14/2020,92,28,103,56,118,38
10/15/2020,92,28,103,56,118,37
10/16/2020,92,28,103,55,117,37
10/17/2020,91,27,103,54,116,36
10/18/2020,90,27,103,53,116,36
10/19/2020,89,27,103,53,115,36
10/20/2020,89,27,103,52,113,36
10/21/2020,88,26,103,52,111,35
10/22/2020,88,26,103,51,111,35
10/23/2020,87,26,102,50,111,35
10/24/2020,86,26,102,50,111,35
10/25/2020,86,27,102,50,112,35
10/26/2020,86,27,102,50,112,35
10/27/2020,86,28,102,50,112,35
10/28/2020,86,28,103,51,114,36
10/29/2020,86,28,104,51,117,36
10/30/2020,86,28,105,51,120,37
10/31/2020,86,28,107,51,121,37
11/1/2020,86,27,107,51,123,37
11/2/2020,86,27,108,51,125,37
11/3/2020,87,26,109,52,127,37
11/4/2020,88,26,110,54,127,38
11/5/2020,87,24,110,52,124,37
11/6/2020,85,22,110,48,121,35
11/7/2020,84,20,109,44,117,33
11/8/2020,82,19,109,40,115,31
11/9/2020,81,17,108,38,113,29
11/10/2020,79,16,108,35,111,28
11/11/2020,76,15,107,30,108,26
11/12/2020,75,15,107,30,109,25
11/13/2020,75,16,107,30,111,25
11/14/2020,75,16,106,30,111,25
11/15/2020,75,16,106,30,111,25
11/16/2020,75,16,106,30,110,25
11/17/2020,75,16,105,30,109,26
11/18/2020,75,16,106,30,110,26
11/19/2020,75,16,106,30,110,26
11/20/2020,75,16,106,30,110,27
11/21/2020,75,16,106,30,111,27
11/22/2020,75,16,106,30,112,27
11/23/2020,75,16,105,30,114,28
11/24/2020,76,16,105,30,118,28
11/25/2020,76,17,106,30,121,29
11/26/2020,76,17,106,30,127,29
11/27/2020,77,18,108,30,143,30
11/28/2020,78,19,108,30,148,31
11/29/2020,78,19,109,30,153,32
11/30/2020,79,21,110,31,160,33
12/1/2020,81,21,111,31,162,34
12/2/2020,82,22,111,32,163,34
12/3/2020,83,23,110,34,163,35
12/4/2020,85,23,109,36,150,36
12/5/2020,86,25,108,40,150,37
12/6/2020,87,25,108,42,150,37
12/7/2020,88,25,107,43,144,38
12/8/2020,88,26,106,44,142,38
12/9/2020,89,26,107,44,143,38
12/10/2020,89,26,108,45,142,37
12/11/2020,89,26,107,45,141,38
12/12/2020,89,25,107,45,141,38
12/13/2020,90,25,106,45,141,39
12/14/2020,91,25,107,45,142,39
12/15/2020,92,25,108,46,145,40
12/16/2020,93,24,109,46,145,41
12/17/2020,95,24,110,46,146,41
12/18/2020,97,25,111,45,148,42
12/19/2020,101,24,113,43,150,44
12/20/2020,104,24,115,42,149,45
12/21/2020,106,24,122,42,151,46
12/22/2020,106,24,130,41,154,45
12/23/2020,109,24,143,42,157,46
12/24/2020,110,23,152,42,153,45
12/25/2020,100,21,136,37,137,40
12/26/2020,92,20,123,33,128,38
12/27/2020,88,19,119,31,126,36
12/28/2020,86,18,112,31,119,34
12/29/2020,85,18,105,30,114,34
12/30/2020,82,18,97,29,108,34
12/31/2020,80,18,97,29,106,34
1/1/2021,81,18,99,31,108,35
1/2/2021,83,18,106,32,109,35
1/3/2021,84,18,106,32,109,35
1/4/2021,83,18,106,31,111,35
1/5/2021,82,16,104,30,110,34
1/6/2021,79,15,96,28,109,32
1/7/2021,78,15,86,27,112,32
1/8/2021,83,16,97,27,121,33
1/9/2021,83,15,101,28,121,32
1/10/2021,81,14,101,27,121,31
1/11/2021,79,14,100,27,120,30
1/12/2021,78,14,99,26,119,29
1/13/2021,77,13,99,26,117,28
1/14/2021,75,13,99,26,115,27
1/15/2021,75,13,99,26,113,26
1/16/2021,74,13,100,26,112,26
1/17/2021,73,13,100,26,110,25
1/18/2021,73,14,99,26,107,25
1/19/2021,73,13,99,26,105,26
1/20/2021,72,13,99,26,106,25
1/21/2021,72,13,100,26,106,25
1/22/2021,72,13,100,26,107,25
1/23/2021,72,13,101,26,107,24
1/24/2021,72,13,100,26,108,24
1/25/2021,72,13,100,26,112,23
1/26/2021,72,13,100,26,113,23
1/27/2021,73,13,101,26,116,23
1/28/2021,73,14,101,26,120,22
1/29/2021,74,14,102,27,124,23
1/30/2021,74,14,103,27,127,23
1/31/2021,76,15,104,27,130,24
2/1/2021,76,15,105,27,132,24
2/2/2021,76,15,106,27,133,24
2/3/2021,77,15,106,27,131,25
2/4/2021,76,15,106,27,128,25
2/5/2021,76,14,106,27,124,25
2/6/2021,76,14,106,27,122,24
2/7/2021,76,14,106,27,119,24
2/8/2021,75,14,105,27,116,24
2/9/2021,75,15,105,27,114,23
2/10/2021,76,15,105,27,114,23
2/11/2021,76,15,106,27,113,23
2/12/2021,77,15,106,27,114,23
2/13/2021,78,15,107,27,113,23
2/14/2021,79,15,108,28,112,23
2/15/2021,79,15,108,29,110,24
2/16/2021,78,14,108,28,110,24
2/17/2021,78,14,107,28,109,24
2/18/2021,78,14,106,28,109,24
2/19/2021,77,14,105,28,108,23
2/20/2021,77,13,103,29,107,23
2/21/2021,76,13,102,28,107,23
2/22/2021,76,14,102,28,107,23
2/23/2021,76,15,102,28,108,23
2/24/2021,76,15,102,28,108,24
2/25/2021,77,17,102,28,110,24
2/26/2021,78,18,103,29,115,25
2/27/2021,79,19,105,29,117,26
2/28/2021,81,20,106,30,120,27
3/1/2021,82,20,107,30,123,27
3/2/2021,82,20,108,30,124,27
3/3/2021,83,20,108,30,125,27
3/4/2021,83,20,108,30,124,27
3/5/2021,83,19,108,30,120,26
3/6/2021,83,19,108,30,120,26
3/7/2021,82,18,108,30,119,26
3/8/2021,83,18,108,30,117,26
3/9/2021,83,17,108,30,115,26
3/10/2021,83,18,108,30,114,26
3/11/2021,83,19,108,30,113,26
3/12/2021,83,19,109,30,112,26
3/13/2021,83,20,110,30,111,26
3/14/2021,83,20,110,30,109,27
3/15/2021,83,30,109,30,109,26
3/16/2021,83,31,109,29,109,27
3/17/2021,83,31,109,30,109,27
3/18/2021,83,32,108,30,108,27
3/19/2021,83,32,108,30,108,27
3/20/2021,83,32,106,30,108,27
3/21/2021,83,32,106,30,108,26
3/22/2021,83,22,106,30,108,27
3/23/2021,84,22,106,30,108,26
3/24/2021,84,22,106,30,108,26
3/25/2021,85,20,106,31,112,26
3/26/2021,85,20,107,31,114,26
3/27/2021,86,21,107,31,115,27
3/28/2021,86,21,107,31,117,27
3/29/2021,87,21,108,31,118,27
3/30/2021,87,21,108,31,119,28
3/31/2021,89,22,110,32,123,29
4/1/2021,92,22,114,33,125,30
4/2/2021,93,21,117,33,122,30
4/3/2021,93,21,118,32,120,30
4/4/2021,93,21,114,33,117,29
4/5/2021,93,21,113,33,117,29
4/6/2021,93,23,113,33,121,29
4/7/2021,92,23,111,33,118,29
4/8/2021,90,23,106,32,115,28
4/9/2021,88,23,103,31,117,28
4/10/2021,88,23,101,32,117,29
4/11/2021,89,24,105,32,119,29
4/12/2021,89,25,105,33,120,29
4/13/2021,89,23,104,34,118,30
4/14/2021,90,24,104,36,118,30
4/15/2021,90,25,103,37,119,30
4/16/2021,91,25,103,40,120,30
4/17/2021,92,26,102,43,122,30
4/18/2021,92,27,101,45,124,31
4/19/2021,92,26,102,44,122,31
4/20/2021,92,26,102,44,120,30
4/21/2021,92,26,102,44,120,31
4/22/2021,92,25,102,44,118,31
4/23/2021,92,24,102,44,118,31
4/24/2021,93,24,103,44,119,31
4/25/2021,93,24,103,44,118,31
4/26/2021,94,24,103,43,118,32
4/27/2021,94,24,103,44,121,32
4/28/2021,95,25,104,44,122,32
4/29/2021,95,26,105,44,124,33
4/30/2021,97,27,106,44,127,35
5/1/2021,98,28,107,45,130,36
5/2/2021,98,29,106,46,131,37
5/3/2021,99,29,106,48,130,38
5/4/2021,99,29,107,47,131,40
5/5/2021,100,30,107,47,131,42
5/6/2021,100,29,106,47,130,43
5/7/2021,97,28,103,46,126,44
5/8/2021,96,27,102,45,125,46
5/9/2021,97,27,103,45,125,47
5/10/2021,96,28,103,43,126,50
5/11/2021,96,28,102,44,126,51
5/12/2021,96,28,102,44,125,52
5/13/2021,96,27,101,45,123,53
5/14/2021,97,28,103,46,122,53
5/15/2021,97,28,102,46,120,52
5/16/2021,97,28,102,46,119,52
5/17/2021,97,28,101,47,117,51
5/18/2021,97,28,101,48,113,51
5/19/2021,97,29,100,49,112,53
5/20/2021,97,29,99,50,111,53
5/21/2021,97,30,98,52,111,54
5/22/2021,98,31,97,55,110,54
5/23/2021,98,32,97,56,109,55
5/24/2021,98,33,97,56,110,55
5/25/2021,98,33,97,57,112,55
5/26/2021,99,34,98,57,112,53
5/27/2021,101,36,98,58,114,52
5/28/2021,103,38,99,60,118,53
5/29/2021,105,38,100,61,120,54
5/30/2021,108,40,102,65,121,53
5/31/2021,111,42,104,69,120,54
6/1/2021,114,45,106,70,123,55
6/2/2021,115,46,107,71,124,55
6/3/2021,115,46,108,71,124,56
6/4/2021,114,46,108,71,121,55
6/5/2021,113,46,108,71,120,56
6/6/2021,112,46,107,69,121,56
6/7/2021,110,44,107,66,122,56
6/8/2021,108,42,106,65,119,54
6/9/2021,108,40,105,65,119,54
6/10/2021,109,40,105,65,118,53
6/11/2021,109,39,105,65,118,53
6/12/2021,109,39,105,65,117,52
6/13/2021,109,38,106,65,116,52
6/14/2021,110,38,105,65,115,53
6/15/2021,110,38,105,65,115,53
6/16/2021,110,38,104,65,114,53
6/17/2021,110,39,104,65,114,53
6/18/2021,110,39,104,64,114,53
6/19/2021,110,38,103,64,114,53
6/20/2021,109,39,102,64,115,53
6/21/2021,109,39,101,64,116,53
6/22/2021,109,39,100,64,117,53
6/23/2021,109,39,101,64,116,53
6/24/2021,109,39,101,64,116,54
6/25/2021,110,40,100,65,118,56
6/26/2021,111,42,100,66,119,56
6/27/2021,112,44,101,66,119,58
6/28/2021,112,50,101,66,118,58
6/29/2021,113,53,101,67,119,59
6/30/2021,114,54,102,67,123,61
7/1/2021,116,58,103,68,126,62
7/2/2021,117,59,104,69,127,61
7/3/2021,118,60,105,70,128,62
7/4/2021,118,61,106,70,130,63
7/5/2021,119,58,107,71,131,64
7/6/2021,120,57,107,71,132,64
7/7/2021,119,58,108,72,128,64
7/8/2021,119,55,107,72,126,66
7/9/2021,120,58,107,72,125,67
7/10/2021,122,58,107,73,124,68
7/11/2021,122,56,108,75,121,68
7/12/2021,123,55,108,75,119,70
7/13/2021,125,53,109,76,119,71
7/14/2021,126,53,109,76,120,71
7/15/2021,127,52,109,76,121,71
7/16/2021,129,48,110,77,121,72
7/17/2021,132,47,111,78,120,73
7/18/2021,135,47,110,77,120,73
7/19/2021,138,48,113,79,122,74
7/20/2021,140,48,113,80,121,74
7/21/2021,142,48,114,80,121,75
7/22/2021,145,48,115,82,119,76
7/23/2021,146,49,115,83,120,76
7/24/2021,146,52,114,84,121,77
7/25/2021,147,53,114,84,122,78
7/26/2021,147,54,113,85,123,79
7/27/2021,147,55,113,85,125,80
7/28/2021,147,56,113,86,127,80
7/29/2021,147,56,112,87,130,81
7/30/2021,147,57,112,88,134,82
7/31/2021,148,56,113,89,136,84
8/1/2021,149,56,114,91,138,85
8/2/2021,150,57,115,92,139,86
8/3/2021,151,58,115,93,140,88
8/4/2021,152,59,116,94,140,89
8/5/2021,152,60,117,95,141,90
8/6/2021,152,61,117,95,139,91
8/7/2021,152,61,117,95,138,92
8/8/2021,152,61,117,95,137,92
8/9/2021,152,61,116,96,136,93
8/10/2021,153,61,117,96,135,93
8/11/2021,154,61,117,97,135,94
8/12/2021,155,62,117,98,134,95
8/13/2021,156,62,117,98,133,95
8/14/2021,158,63,117,99,132,95
8/15/2021,158,63,117,99,131,95
8/16/2021,159,64,117,100,130,96
8/17/2021,159,64,117,100,130,97
8/18/2021,159,63,117,100,129,97
8/19/2021,158,62,117,100,130,98
8/20/2021,158,63,116,100,132,101
8/21/2021,157,62,116,100,132,100
8/22/2021,157,62,116,101,132,100
8/23/2021,156,62,116,101,133,101
8/24/2021,156,62,115,101,133,102
8/25/2021,157,63,116,101,135,102
8/26/2021,157,63,116,101,136,103
8/27/2021,158,64,116,101,138,104
8/28/2021,159,65,117,102,141,104
8/29/2021,159,67,117,105,142,104
8/30/2021,160,68,117,106,145,104
8/31/2021,160,67,117,105,148,105
9/1/2021,158,66,117,104,150,105
9/2/2021,156,65,117,102,151,103
9/3/2021,153,64,116,100,148,102
9/4/2021,150,62,116,98,148,100
9/5/2021,148,61,116,95,147,100
9/6/2021,144,60,116,92,145,99
9/7/2021,142,60,115,91,141,103
9/8/2021,140,60,115,91,137,104
9/9/2021,139,59,114,91,135,105
9/10/2021,138,60,114,91,134,105
9/11/2021,137,60,114,92,133,105
9/12/2021,135,59,113,92,133,104
9/13/2021,134,58,112,91,133,103
9/14/2021,132,57,111,91,133,97
9/15/2021,132,56,111,90,134,94
9/16/2021,131,56,110,90,133,92
9/17/2021,130,55,110,90,134,91
9/18/2021,129,55,110,90,134,91
9/19/2021,128,55,110,90,135,91
9/20/2021,128,56,110,90,136,95
9/21/2021,127,57,109,90,135,97
9/22/2021,126,58,109,90,135,98
9/23/2021,126,58,109,90,135,100
9/24/2021,131,58,110,90,136,102
9/25/2021,134,61,110,90,137,102
9/26/2021,135,61,110,90,137,102
9/27/2021,136,62,110,90,139,98
9/28/2021,137,63,110,89,141,96
9/29/2021,137,63,111,89,145,96
9/30/2021,137,65,111,89,149,97
10/1/2021,131,67,111,88,151,96
10/2/2021,126,64,112,88,153,96
10/3/2021,124,65,112,88,154,96
10/4/2021,122,65,112,87,154,96
10/5/2021,120,63,113,87,153,97
10/6/2021,119,64,113,87,152,99
10/7/2021,118,62,112,86,148,100
10/8/2021,117,60,112,86,146,99
10/9/2021,116,59,112,87,145,100
10/10/2021,115,59,111,87,143,100
10/11/2021,115,59,111,87,142,99
10/12/2021,114,59,111,87,140,100
10/13/2021,114,60,111,87,138,99
10/14/2021,113,60,110,86,138,98
10/15/2021,113,62,110,86,136,99
10/16/2021,112,62,110,85,136,100
10/17/2021,112,62,110,85,135,102
10/18/2021,112,63,110,85,135,103
10/19/2021,112,63,110,85,135,102
10/20/2021,112,62,110,85,136,105
10/21/2021,113,62,110,86,136,107
10/22/2021,114,64,110,86,136,109
10/23/2021,115,64,110,87,136,110
10/24/2021,115,65,110,88,136,111
10/25/2021,116,66,110,89,139,114
10/26/2021,117,68,111,90,140,117
10/27/2021,118,70,111,91,143,122
10/28/2021,118,72,112,92,145,126
10/29/2021,119,72,113,92,150,130
10/30/2021,121,72,114,91,151,133
10/31/2021,123,71,115,91,153,135
11/1/2021,123,70,114,90,152,136
11/2/2021,123,67,114,88,151,136
11/3/2021,122,65,114,86,148,133
11/4/2021,122,62,114,84,147,130
11/5/2021,120,60,112,83,144,126
11/6/2021,117,60,111,82,143,123
11/7/2021,117,60,110,82,141,121
11/8/2021,116,60,111,81,141,121
11/9/2021,115,61,110,81,140,120
11/10/2021,115,61,110,81,140,122
11/11/2021,114,61,110,81,141,123
11/12/2021,114,61,110,82,141,124
11/13/2021,114,61,110,83,141,124
11/14/2021,113,61,110,83,141,123
11/15/2021,113,61,110,83,141,121
11/16/2021,113,62,109,83,140,124
11/17/2021,113,61,109,83,139,121
11/18/2021,113,61,109,83,140,123
11/19/2021,113,61,109,83,140,125
11/20/2021,112,61,108,82,140,125
11/21/2021,112,61,108,82,141,126
11/22/2021,112,61,108,82,142,126
11/23/2021,112,61,108,82,145,123
11/24/2021,112,61,108,82,148,125
11/25/2021,113,65,109,82,152,125
11/26/2021,113,64,109,81,164,126
11/27/2021,114,63,110,81,171,128
11/28/2021,115,63,111,81,177,129
11/29/2021,115,64,111,81,184,128
11/30/2021,116,64,112,81,188,129
12/1/2021,117,66,113,81,190,126
12/2/2021,117,62,113,81,187,122
12/3/2021,118,63,114,81,176,119
12/4/2021,118,63,114,81,171,131
12/5/2021,117,62,114,81,167,131
12/6/2021,117,61,114,81,161,132
12/7/2021,116,59,113,81,157,128
12/8/2021,115,56,112,81,154,125
12/9/2021,115,56,112,80,154,124
12/10/2021,115,56,112,80,154,121
12/11/2021,115,56,111,78,153,104
12/12/2021,115,56,111,78,152,101
12/13/2021,115,57,111,78,152,98
12/14/2021,115,57,112,78,153,98
12/15/2021,116,58,113,78,156,100
12/16/2021,117,58,113,78,158,100
12/17/2021,120,59,114,77,160,100
12/18/2021,125,60,115,76,163,99
12/19/2021,127,62,115,75,164,100
12/20/2021,130,63,118,76,171,100
12/21/2021,133,63,122,77,176,100
12/22/2021,137,65,129,79,181,102
12/23/2021,141,66,142,80,189,104
12/24/2021,140,64,152,77,189,103
12/25/2021,129,58,136,68,173,100
12/26/2021,125,56,129,65,170,99
12/27/2021,124,57,126,67,163,99
12/28/2021,123,59,122,68,157,101
12/29/2021,120,59,116,69,151,101
12/30/2021,117,60,107,70,142,102
12/31/2021,115,61,104,74,137,102
1/1/2022,117,63,107,81,139,106
1/2/2022,121,64,111,83,140,109
1/3/2022,122,62,112,81,139,110
1/4/2022,122,59,112,78,140,109
1/5/2022,120,56,110,74,138,110
1/6/2022,118,53,103,70,135,111
1/7/2022,117,52,93,67,136,113
1/8/2022,122,52,104,67,143,117
1/9/2022,120,51,105,65,142,115
1/10/2022,116,49,104,62,141,115
1/11/2022,114,48,103,61,137,115
1/12/2022,112,48,101,60,134,112
1/13/2022,112,48,102,60,133,109
1/14/2022,112,49,103,61,132,106
1/15/2022,113,50,103,63,131,103
1/16/2022,112,51,103,63,131,101
1/17/2022,111,52,103,64,129,101
1/18/2022,111,52,103,64,128,100
1/19/2022,111,53,104,64,128,99
1/20/2022,111,53,103,65,128,99
1/21/2022,110,54,103,66,129,107
1/22/2022,109,55,104,67,129,117
1/23/2022,109,55,103,68,129,121
1/24/2022,109,55,104,68,132,125
1/25/2022,109,56,104,69,134,127
1/26/2022,109,58,104,69,136,129
1/27/2022,109,59,104,70,138,129
1/28/2022,110,61,105,72,141,123
1/29/2022,110,63,106,73,144,116
1/30/2022,111,64,106,75,146,112
1/31/2022,112,66,107,76,151,109
2/1/2022,113,67,108,76,151,109
2/2/2022,113,71,109,77,151,108
2/3/2022,113,73,109,78,149,108
2/4/2022,113,74,109,78,146,108
2/5/2022,113,74,109,79,144,108
2/6/2022,113,75,109,80,143,109
2/7/2022,113,75,109,80,137,110
2/8/2022,113,74,109,80,134,108
2/9/2022,112,69,109,80,133,108
2/10/2022,113,68,109,81,133,109
2/11/2022,115,67,110,82,133,110
2/12/2022,118,71,111,83,133,111
2/13/2022,119,76,111,85,133,113
2/14/2022,120,79,114,90,133,111
2/15/2022,121,81,114,92,134,110
2/16/2022,121,82,115,94,133,110
2/17/2022,123,83,115,96,133,110
2/18/2022,121,83,114,96,132,111
2/19/2022,122,80,114,95,131,115
2/20/2022,123,77,113,94,130,115
2/21/2022,123,75,110,90,129,115
2/22/2022,123,74,110,88,129,116
2/23/2022,123,73,110,87,129,115
2/24/2022,125,73,109,86,132,116
2/25/2022,129,73,110,87,136,114
2/26/2022,129,72,110,89,138,110
2/27/2022,129,71,111,90,140,107
2/28/2022,130,72,111,90,146,108
3/1/2022,131,73,112,90,150,107
3/2/2022,132,75,113,89,151,107
3/3/2022,130,76,114,89,150,105
3/4/2022,128,77,114,89,150,104
3/5/2022,127,79,114,89,150,104
3/6/2022,127,81,115,89,149,104
3/7/2022,128,81,114,89,146,104
3/8/2022,128,80,114,90,142,102
3/9/2022,130,78,114,90,141,102
3/10/2022,130,78,113,91,140,102
3/11/2022,130,79,113,91,137,102
3/12/2022,130,77,113,91,137,101
3/13/2022,129,76,113,91,136,101
3/14/2022,129,76,113,91,134,100
3/15/2022,128,76,112,91,133,100
3/16/2022,125,77,112,91,132,101
3/17/2022,125,78,112,93,132,101
3/18/2022,124,77,113,95,131,101
3/19/2022,125,77,112,96,131,101
3/20/2022,126,78,112,96,131,101
3/21/2022,125,78,112,96,131,101
3/22/2022,125,77,112,97,132,103
3/23/2022,126,79,113,97,132,103
3/24/2022,127,78,113,95,134,104
3/25/2022,128,78,113,95,138,105
3/26/2022,130,79,115,95,140,105
3/27/2022,130,78,116,96,142,106
3/28/2022,132,78,116,97,146,109
3/29/2022,132,79,117,97,149,110
3/30/2022,133,77,117,97,153,112
3/31/2022,134,77,117,97,158,114
4/1/2022,135,79,117,98,159,117
4/2/2022,136,79,117,98,161,119
4/3/2022,136,81,118,98,163,122
4/4/2022,137,83,118,98,167,123
4/5/2022,138,85,119,100,170,124
4/6/2022,138,86,120,101,170,125
4/7/2022,139,87,120,102,167,125
4/8/2022,140,86,120,103,164,124
4/9/2022,141,87,120,104,162,124
4/10/2022,142,87,120,105,160,124
4/11/2022,143,86,120,106,155,123
4/12/2022,144,86,120,107,151,124
4/13/2022,146,87,122,108,151,124
4/14/2022,149,87,126,111,151,125
4/15/2022,150,87,128,113,149,126
4/16/2022,149,85,129,113,146,124
4/17/2022,148,83,124,114,142,122
4/18/2022,151,82,123,116,136,121
4/19/2022,152,80,124,115,137,119
4/20/2022,152,79,122,113,136,118
4/21/2022,149,77,118,109,134,115
4/22/2022,147,74,116,104,137,113
4/23/2022,145,72,114,102,138,111
4/24/2022,145,70,117,98,141,110
4/25/2022,141,69,116,93,145,109
4/26/2022,139,67,115,92,146,109
4/27/2022,138,65,114,91,148,110
4/28/2022,137,65,114,90,151,111
4/29/2022,139,66,114,92,154,113
4/30/2022,140,68,115,95,158,117
5/1/2022,141,71,117,100,160,119
5/2/2022,143,74,118,105,158,119
5/3/2022,143,75,119,105,158,119
5/4/2022,143,76,120,106,156,118
5/5/2022,143,77,121,107,155,118
5/6/2022,142,77,120,107,152,117
5/7/2022,141,77,119,106,149,114
5/8/2022,141,74,119,103,147,112
5/9/2022,140,73,119,100,148,115
5/10/2022,139,72,119,100,147,117
5/11/2022,139,72,118,100,146,123
5/12/2022,139,71,118,100,145,128
5/13/2022,139,71,118,100,143,129
5/14/2022,139,69,118,100,142,131
5/15/2022,138,69,118,99,142,132
5/16/2022,139,69,118,99,140,129
5/17/2022,139,68,118,100,139,126
5/18/2022,140,68,118,101,138,119
5/19/2022,141,69,118,101,136,113
5/20/2022,141,68,118,101,137,111
5/21/2022,141,68,117,100,137,109
5/22/2022,141,68,118,101,137,108
5/23/2022,142,68,118,101,137,109
5/24/2022,142,71,117,101,137,110
5/25/2022,142,72,118,102,139,111
5/26/2022,143,73,118,102,140,113
5/27/2022,145,75,120,104,143,116
5/28/2022,148,78,121,105,145,118
5/29/2022,150,80,121,106,146,120
5/30/2022,152,83,123,109,150,122
5/31/2022,155,85,125,113,155,125
6/1/2022,160,90,129,118,158,129
6/2/2022,165,95,134,126,159,132
6/3/2022,165,98,134,131,155,131
6/4/2022,167,100,133,132,153,132
6/5/2022,169,99,133,133,152,133
6/6/2022,170,97,132,132,148,132
6/7/2022,169,95,131,130,143,131
6/8/2022,166,91,127,125,139,128
6/9/2022,162,87,123,118,138,125
6/10/2022,161,83,122,113,139,124
6/11/2022,160,82,122,111,140,123
6/12/2022,158,82,123,110,140,123
6/13/2022,157,81,123,109,141,125
6/14/2022,156,82,123,109,140,126
6/15/2022,157,81,123,109,140,127
6/16/2022,157,81,123,109,139,128
6/17/2022,158,80,124,108,139,127
6/18/2022,158,79,124,107,140,128
6/19/2022,159,78,124,107,140,127
6/20/2022,160,78,124,107,139,125
6/21/2022,161,75,124,107,138,123
6/22/2022,161,74,124,107,137,120
6/23/2022,162,73,123,106,137,119
6/24/2022,163,72,122,106,138,119
6/25/2022,164,72,122,106,139,117
6/26/2022,165,73,122,107,140,116
6/27/2022,165,74,122,107,142,115
6/28/2022,165,75,122,108,146,115
6/29/2022,166,77,122,108,148,117
6/30/2022,167,79,123,110,153,119
7/1/2022,168,81,124,110,154,119
7/2/2022,169,83,125,111,155,121
7/3/2022,170,84,126,111,155,122
7/4/2022,171,85,127,112,155,123
7/5/2022,172,89,128,113,155,123
7/6/2022,171,89,129,114,157,125
7/7/2022,171,90,129,115,156,124
7/8/2022,171,89,130,115,155,124
7/9/2022,172,89,130,115,152,124
7/10/2022,173,88,131,116,150,123
7/11/2022,174,88,132,117,149,124
7/12/2022,174,85,132,118,149,123
7/13/2022,176,85,133,118,146,122
7/14/2022,176,85,133,119,143,123
7/15/2022,177,85,133,119,143,123
7/16/2022,179,84,133,119,144,123
7/17/2022,181,84,133,119,144,124
7/18/2022,182,84,134,119,144,124
7/19/2022,184,83,135,119,142,124
7/20/2022,186,84,135,119,141,124
7/21/2022,189,85,135,119,142,124
7/22/2022,191,85,134,119,142,124
7/23/2022,193,85,134,119,143,124
7/24/2022,195,86,134,119,144,125
